psi1,psi2
0.8,0
0.16,0
0.0639989,0
0.0255973,0
0.0102333,0
0.00407922,0
0.00159646,0
0.000550502,0
-3.40931e-20,0
-0.000550502,0
-0.00159646,0
-0.00407922,0
-0.0102333,0
-0.0255973,0
-0.0639989,0
-0.16,0
