tr,trp1,trp2,trp3,sigma,pi1,pi2,pi3
0,0,0,0,0.00183013,-0.00155403,0.000691486,0.00281718
